{"cameraMode":{"drawMode":0,"name":"Shaded","section":"Shading Mode"},"sceneLighting":true,"audioPlay":false,"sceneViewState":{"showFog":true,"showMaterialUpdate":false,"showSkybox":true,"showFlares":true,"showImageEffects":true,"showParticleSystems":true},"in2DMode":false,"pivot":{"x":-129.77215576171876,"y":-163.15936279296876,"z":-317.6653137207031},"rotation":{"x":0.02772952802479267,"y":-0.9694138169288635,"z":0.20601420104503632,"w":0.13048414885997773},"size":459.04425048828127,"orthographic":false}