{"cameraMode":{"drawMode":0,"name":"Shaded","section":"Shading Mode"},"sceneLighting":true,"audioPlay":false,"sceneViewState":{"showFog":true,"showMaterialUpdate":false,"showSkybox":true,"showFlares":true,"showImageEffects":true,"showParticleSystems":true},"in2DMode":false,"pivot":{"x":-127.19314575195313,"y":-281.81475830078127,"z":218.950927734375},"rotation":{"x":0.41233304142951968,"y":-0.23980247974395753,"z":0.11345090717077255,"w":0.8715533018112183},"size":457.4516296386719,"orthographic":false}