{"cameraMode":{"drawMode":0,"name":"Shaded","section":"Shading Mode"},"sceneLighting":true,"audioPlay":false,"sceneViewState":{"showFog":true,"showMaterialUpdate":false,"showSkybox":true,"showFlares":true,"showImageEffects":true,"showParticleSystems":true},"in2DMode":false,"pivot":{"x":-123.37003326416016,"y":-266.8927917480469,"z":242.3939208984375},"rotation":{"x":0.41233304142951968,"y":-0.23980247974395753,"z":0.11345090717077255,"w":0.8715533018112183},"size":518.112060546875,"orthographic":false}