{"cameraMode":{"drawMode":1,"name":"Wireframe","section":"Shading Mode"},"sceneLighting":true,"audioPlay":false,"sceneViewState":{"showFog":true,"showMaterialUpdate":false,"showSkybox":true,"showFlares":true,"showImageEffects":true,"showParticleSystems":true},"in2DMode":false,"pivot":{"x":-99.55317687988281,"y":-137.3204345703125,"z":-337.88067626953127},"rotation":{"x":0.02772952802479267,"y":-0.9694138169288635,"z":0.20601420104503632,"w":0.13048414885997773},"size":466.5491027832031,"orthographic":false}