{"cameraMode":{"drawMode":0,"name":"Shaded","section":"Shading Mode"},"sceneLighting":true,"audioPlay":false,"sceneViewState":{"showFog":true,"showMaterialUpdate":false,"showSkybox":true,"showFlares":true,"showImageEffects":true,"showParticleSystems":true},"in2DMode":false,"pivot":{"x":4.350741386413574,"y":33.362640380859378,"z":2.2622604370117189},"rotation":{"x":-0.003041291143745184,"y":0.9967190623283386,"z":-0.0451921708881855,"w":-0.06707945466041565},"size":116.71369934082031,"orthographic":false}